{
	"id": "31cfbd80-d2ce-9352-4bd1-ef9be1d0eae2",
	"name": "RTG Demo",
	"description": "",
	"order": [
		"8a0bcfc1-9a4a-23a3-5ad6-433657273b31",
		"1becdf15-9abc-1fad-455f-4b040010b8c4"
	],
	"folders": [],
	"timestamp": 1499974044318,
	"owner": "312701",
	"public": false,
	"hasRequests": true,
	"requests": [
		{
			"id": "1becdf15-9abc-1fad-455f-4b040010b8c4",
			"headers": "",
			"url": "http://0.0.0.0:9091/send",
			"preRequestScript": null,
			"pathVariables": [],
			"method": "POST",
			"data": [],
			"dataMode": "raw",
			"version": 2,
			"tests": null,
			"currentHelper": "normal",
			"helperAttributes": [],
			"time": 1502733212639,
			"name": "INBOUND-850",
			"description": "",
			"collectionId": "31cfbd80-d2ce-9352-4bd1-ef9be1d0eae2",
			"responses": [],
			"rawModeData": "ISA|00|850BK3060 |00|CAVEMAN   |ZZ|1234567        |ZZ|1234566        |160706|0455|U|00200|000037325|0|P|>\nGS|PO|1234567|1234567|20160706|0455|37325|X|004010\nST|850|0001\nBEG|00|NE|4LF4Y6DB||20160706\nCSH|Y\nDTM|064|20160706\nDTM|063|20160813\nN1|ST||15|801101X\nPO1|1|7|EA|56.21|PE|EN|9781138930230\nIT8|O||||||B0\nPO1|2|9|EA|36.15|PE|EN|9781138781818\nIT8|O||||||B0\nPO1|3|5|EA|37.46|PE|EN|9781138679337\nIT8|O||||||B0\nPO1|4|1|EA|71.25|PE|EN|9781138650053\nIT8|O||||||B0\nPO1|5|1|EA|71.21|PE|EN|9781138650039\nIT8|O||||||B0\nCTT|5|23\nSE|18|0001\nGE|1|37325\nIEA|1|000037325"
		},
		{
			"id": "8a0bcfc1-9a4a-23a3-5ad6-433657273b31",
			"headers": "fromPartner: supplier\ntoPartner: buyer\nmessageType: 855\n",
			"url": "http://localhost:8088/receive855",
			"preRequestScript": null,
			"pathVariables": [],
			"method": "POST",
			"data": [],
			"dataMode": "raw",
			"version": 2,
			"tests": null,
			"currentHelper": "normal",
			"helperAttributes": [],
			"time": 1503446628152,
			"name": "OUTBOUND-855",
			"description": "",
			"collectionId": "31cfbd80-d2ce-9352-4bd1-ef9be1d0eae2",
			"responses": [],
			"rawModeData": "<?xml version = \"1.0\" encoding=\"Windows-1252\" standalone=\"yes\"?>\n<VFPDataSet>\n\t<HDR_855_OB>\n\t\t<huid>003740657</huid>\n\t\t<isa01/>\n\t\t<isa02/>\n\t\t<isa03/>\n\t\t<isa04/>\n\t\t<isa05>ZZ</isa05>\n\t\t<isa06>1234566</isa06>\n\t\t<isa07>ZZ</isa07>\n\t\t<isa08>1234567</isa08>\n\t\t<isa09/>\n\t\t<isa10/>\n\t\t<isa11/>\n\t\t<isa12/>\n\t\t<isa13/>\n\t\t<isa14/>\n\t\t<isa15/>\n\t\t<isa16/>\n\t\t<gs01/>\n\t\t<gs02/>\n\t\t<gs03/>\n\t\t<gs04/>\n\t\t<gs05/>\n\t\t<gs06/>\n\t\t<gs07/>\n\t\t<gs08/>\n\t\t<hedirefno>00374065</hedirefno>\n\t\t<hrefno>03772653</hrefno>\n\t\t<hn1san>1691902</hn1san>\n\t\t<hcancelby>2016-10-20</hcancelby>\n\t\t<hboallowed/>\n\t\t<hcustpono>8793341</hcustpono>\n\t\t<ITM_855_OB>\n\t\t\t<iuid>003740657</iuid>\n\t\t\t<ipo106_edi>EN</ipo106_edi>\n\t\t\t<ipo107_edi>9780415539203</ipo107_edi>\n\t\t\t<ipo108_edi/>\n\t\t\t<ipo109_edi/>\n\t\t\t<ipo110_edi/>\n\t\t\t<ipo111_edi/>\n\t\t\t<ipo112_edi/>\n\t\t\t<ipo113_edi/>\n\t\t\t<ipo114_edi/>\n\t\t\t<ipo115_edi/>\n\t\t\t<iqtyordr>1</iqtyordr>\n\t\t\t<iqtybo>0</iqtybo>\n\t\t\t<ilistprice>29.95</ilistprice>\n\t\t\t<po104>0</po104>\n\t\t\t<po105>12</po105>\n\t\t\t<cpt02_855/>\n\t\t\t<cpt07_855/>\n\t\t\t<ack01/>\n\t\t\t<ack02/>\n\t\t\t<ack03/>\n\t\t\t<ack04/>\n\t\t\t<ack05/>\n\t\t\t<ack06/>\n\t\t\t<ack27/>\n\t\t\t<ack28/>\n\t\t\t<ack29/>\n\t\t\t<nseqno>1526642</nseqno>\n\t\t\t<ititle/>\n\t\t</ITM_855_OB>\n\t\t<ADR_855_OB>\n\t\t\t<suid>007430477</suid>\n\t\t\t<sadr1>Amphitheatre Parkway</sadr1>\n\t\t\t<sadr2/>\n\t\t\t<sadr3/>\n\t\t\t<scity>NETCONG</scity>\n\t\t\t<sstate>NJ</sstate>\n\t\t\t<szipn>04557</szipn>\n\t\t\t<sname/>\n\t\t\t<sname2>WEBNOTIONS INC</sname2>\n\t\t\t<saddr3/>\n\t\t\t<sn103/>\n\t\t\t<sn104/>\n\t\t</ADR_855_OB>\n\t</HDR_855_OB>\n</VFPDataSet>\n"
		}
	]
}