<?xml version="1.0" encoding="UTF-8"?>

<mule xmlns:json="http://www.mulesoft.org/schema/mule/json" xmlns:file="http://www.mulesoft.org/schema/mule/file" xmlns:dw="http://www.mulesoft.org/schema/mule/ee/dw" xmlns:metadata="http://www.mulesoft.org/schema/mule/metadata" xmlns:tracking="http://www.mulesoft.org/schema/mule/ee/tracking" xmlns:rosetta-net="http://www.mulesoft.org/schema/mule/rosetta-net" xmlns:http="http://www.mulesoft.org/schema/mule/http" xmlns="http://www.mulesoft.org/schema/mule/core" xmlns:doc="http://www.mulesoft.org/schema/mule/documentation"
	xmlns:spring="http://www.springframework.org/schema/beans" 
	xmlns:xsi="http://www.w3.org/2001/XMLSchema-instance"
	xsi:schemaLocation="http://www.springframework.org/schema/beans http://www.springframework.org/schema/beans/spring-beans-current.xsd
http://www.mulesoft.org/schema/mule/core http://www.mulesoft.org/schema/mule/core/current/mule.xsd
http://www.mulesoft.org/schema/mule/http http://www.mulesoft.org/schema/mule/http/current/mule-http.xsd
http://www.mulesoft.org/schema/mule/rosetta-net http://www.mulesoft.org/schema/mule/rosetta-net/current/mule-rosetta-net.xsd
http://www.mulesoft.org/schema/mule/ee/dw http://www.mulesoft.org/schema/mule/ee/dw/current/dw.xsd
http://www.mulesoft.org/schema/mule/ee/tracking http://www.mulesoft.org/schema/mule/ee/tracking/current/mule-tracking-ee.xsd
http://www.mulesoft.org/schema/mule/file http://www.mulesoft.org/schema/mule/file/current/mule-file.xsd
http://www.mulesoft.org/schema/mule/json http://www.mulesoft.org/schema/mule/json/current/mule-json.xsd">
    <http:listener-config name="LocalEndpointListener_Buyer" host="0.0.0.0" port="8082" basePath="/rnif" doc:name="HTTP Listener Configuration"/>
    <http:request-config name="LocalEndpointRequest_Seller" host="0.0.0.0" port="8081" basePath="/rnif/partner1" doc:name="HTTP Request Configuration"/>
    <rosetta-net:config name="PO_InitiatorConfig_Buyer" httpListener-ref="LocalEndpointListener_Buyer" servicePath="/partner2" httpRequest-ref="LocalEndpointRequest_Seller" keystorePath="/partner1.jks" keystorePass="nosecret" privatePass="partner1" globalUsageCode="Test" selfBusinessIdentifier="123456789" selfLocationId="partner1" partnerBusinessIdentifier="123456788" partnerLocationId="partner2" pipRole="INITIATOR" pipFile="/PIP3A4/V02_02.xml" doc:name="RosettaNet: Configuration"/>
    <flow name="Send-Purchase-Order-Request">
        <file:inbound-endpoint path="po-in" moveToDirectory="po-out" responseTimeout="10000" doc:name="File"/>
        <rosetta-net:send-action config-ref="PO_InitiatorConfig_Buyer" doc:name="RosettaNet"/>
    </flow>
    <flow name="Receive-Purchase-Order-Confirmation">
        <rosetta-net:action-source config-ref="PO_InitiatorConfig_Buyer" doc:name="RosettaNet (Streaming)"/>
        <rosetta-net:set-action-metadata config-ref="PO_InitiatorConfig_Buyer" doc:name="RosettaNet"/>
        <object-to-string-transformer doc:name="Object to String"/>
        <logger message="#[payload]" level="INFO" doc:name="Logger"/>
    </flow>
    <flow name="Receive-ACK-Signal">
        <rosetta-net:signal-source config-ref="PO_InitiatorConfig_Buyer" signalType="ACKNOWLEDGE" doc:name="RosettaNet"/>
        <rosetta-net:set-signal-metadata config-ref="PO_InitiatorConfig_Buyer" doc:name="RosettaNet"/>
        <object-to-string-transformer doc:name="Object to String"/>
        <logger level="INFO" doc:name="Logger" message="ACK-Signal:  #[payload]"/>
    </flow>
      <flow name="Receive-Exception-Signal">
        <rosetta-net:signal-source config-ref="PO_InitiatorConfig_Buyer" doc:name="RosettaNet (Streaming)" signalType="EXCEPTION"/>
        <rosetta-net:set-signal-metadata config-ref="PO_InitiatorConfig_Buyer" doc:name="RosettaNet"/>
        <object-to-string-transformer doc:name="Object to String"/>
        <logger level="INFO" doc:name="Logger" message="Exception-Signal:  #[payload]"/>
    </flow>
    <flow name="Receive-Send-Failure-Signal">
        <rosetta-net:failure-source config-ref="PO_InitiatorConfig_Buyer" doc:name="RosettaNet (Streaming)"/>
        <rosetta-net:set-failure-metadata config-ref="PO_InitiatorConfig_Buyer" doc:name="RosettaNet"/>
        <object-to-string-transformer doc:name="Object to String"/>
        <logger level="INFO" doc:name="Logger" message="Send-Failure-Signal:  #[payload]"/>
    </flow>
</mule>
