<?xml version="1.0" encoding="UTF-8"?>
<mule xmlns:spring="http://www.springframework.org/schema/beans" xmlns:secure-property-placeholder="http://www.mulesoft.org/schema/mule/secure-property-placeholder"
    xmlns:scripting="http://www.mulesoft.org/schema/mule/scripting"
    xmlns:encryption="http://www.mulesoft.org/schema/mule/encryption"
    xmlns:signature="http://www.mulesoft.org/schema/mule/signature"
    xmlns:http="http://www.mulesoft.org/schema/mule/http"
    xmlns="http://www.mulesoft.org/schema/mule/core"
    xmlns:doc="http://www.mulesoft.org/schema/mule/documentation"
    xmlns:xsi="http://www.w3.org/2001/XMLSchema-instance"
    xmlns:context="http://www.springframework.org/schema/context"
    xsi:schemaLocation="http://www.mulesoft.org/schema/mule/http http://www.mulesoft.org/schema/mule/http/current/mule-http.xsd
http://www.mulesoft.org/schema/mule/signature http://www.mulesoft.org/schema/mule/signature/current/mule-signature.xsd
http://www.mulesoft.org/schema/mule/encryption http://www.mulesoft.org/schema/mule/encryption/current/mule-encryption.xsd
http://www.mulesoft.org/schema/mule/scripting http://www.mulesoft.org/schema/mule/scripting/current/mule-scripting.xsd
http://www.mulesoft.org/schema/mule/core http://www.mulesoft.org/schema/mule/core/current/mule.xsd
http://www.mulesoft.org/schema/mule/secure-property-placeholder http://www.mulesoft.org/schema/mule/secure-property-placeholder/current/mule-secure-property-placeholder.xsd
http://www.springframework.org/schema/beans http://www.springframework.org/schema/beans/spring-beans-current.xsd" >
 
    <signature:config name="Signature" enableLanguage="true" doc:name="Signature">
        <signature:jce-signer-config algorithm="HmacMD5" key="JLfl5sER3kt4oVkzP2d39UQrUxrEK63LjmXAO45b6cU=" />
    </signature:config>
 
    <encryption:config name="plainXml" doc:name="Encryption" enableLanguage="true">
        <encryption:xml-encrypter-config algorithm="AES_128" key="pNVDBAtJ8S8mXfHc" xpath="/user/cc" />
    </encryption:config>
 
    <encryption:config name="e" enableLanguage="true" doc:name="Encryption">
        <encryption:jce-encrypter-config algorithm="CAST5" key="poso123456789lal" />
    </encryption:config>
  
    <encryption:config name="symmetricPlain" doc:name="Encryption">
        <encryption:jce-encrypter-config key="${xml.encrypter.key}" />
    </encryption:config>
     
    <encryption:config name="Encryption" doc:name="Encryption" />
     
    <http:listener-config name="HTTP_Listener_Configuration" host="localhost" port="8081" doc:name="HTTP Listener Configuration"/>
     
    <flow name="Get_CC_information" >
        <http:listener config-ref="HTTP_Listener_Configuration" path="/" doc:name="HTTP Connector"/>
        <expression-filter
            expression="#[message.inboundProperties.'http.query.params'.token] != null &amp;&amp; message.inboundProperties.'http.query.params'.user] !=null ]"
            doc:name="Expression" />
        <signature:verify-signature config-ref="Signature"
            input-ref="#[message.inboundProperties.'http.query.params'.user]" expectedSignature="#[message.inboundProperties.'http.query.params'.token]"
            doc:name="Verify User Signature"
            doc:description="Verify if the Signature is correct, so we can validate the User" />
        <set-payload
            value="#[new String(&quot;&lt;user&gt;&lt;name&gt;Royal Bank of Canada&lt;/name&gt;&lt;id&gt;Royal_Bank_Of_Canada&lt;/id&gt;&lt;cc&gt;&lt;company&gt;Visa&lt;/company&gt;&lt;number&gt;1234567890&lt;/number&gt;&lt;secret&gt;123&lt;/secret&gt;&lt;/cc&gt;&lt;/user&gt;&quot;)]"
            doc:name="Create XML response based on User" />
        <encryption:encrypt config-ref="plainXml"
            doc:name="Encrypt the XML (only th CC Info)" using="XML_ENCRYPTER"
            input-ref="#[payload.toString()]" />
    </flow>
 
    <flow name="Decrypt_The_Request" >
        <http:listener config-ref="HTTP_Listener_Configuration" path="decrypt" doc:name="HTTP Connector"/>
        <object-to-string-transformer doc:name="Object to String" />
        <encryption:decrypt config-ref="plainXml" using="XML_ENCRYPTER" doc:name="Decrypt the xml payload" />
        <logger level="INFO" message="#[new String(e.jce().encrypt(payload))]" doc:name="Log the return but encrypted" />
    </flow>
 
    <flow name="Get_secret_file" >
        <http:listener config-ref="HTTP_Listener_Configuration" path="getFile" doc:name="HTTP Connector"/>
        <expression-filter
            expression="#[message.inboundProperties.'http.query.params'.token] != null &amp;&amp; message.inboundProperties.'http.query.params'.user] !=null ]"
            doc:name="Expression" />
        <signature:verify-signature config-ref="Signature"
            input-ref="#[message.inboundProperties.'http.query.params'.user]" expectedSignature="#[message.inboundProperties.'http.query.params'.token]"
            doc:name="Verify User Signature"
            doc:description="Verify if the Signature is correct, so we can validate the User" />
        <scripting:component doc:name="Look for Encrypted Message">
            <scripting:script engine="Groovy">
                <scripting:text><![CDATA[return new FileInputStream('src/test/resources/encrypted.txt');]]></scripting:text>
             </scripting:script>
        </scripting:component>         <encryption:decrypt config-ref="symmetricPlain" doc:name="Decrypt Message" />
    </flow> </mule>