<?xml version="1.0" encoding="UTF-8" standalone="yes"?>
<mule-project xmlns="http://www.mulesoft.com/tooling/project" runtimeId="org.mule.tooling.server.3.7.2.ee" schemaVersion="3.5.0.0">
    <name>ftps-x12-walkthrough</name>
    <description></description>
    <muleExtension name="B2B" qualifier="org.mule.tooling.ui.contribution.b2b.3.5.0"/>
    <muleExtension name="FTPS" qualifier="org.mule.tooling.ui.contribution.ftps.3.4.0"/>
    <muleExtension name="X12 EDI" qualifier="org.mule.tooling.ui.contribution.x12-edi.3.5.0"/>
    <muleExtension name="Partner Manager" qualifier="org.mule.tooling.ui.contribution.partner-manager.3.5.0"/>
    <muleExtension name="FTPS" qualifier="org.mule.tooling.ui.contribution.ftps.3.6.0"/>
</mule-project>
